City,Latitud,Longitud,Temperature,Humidity,Cloudiness,Wind Speed
Chute-aux-Outardes,49.12,-68.4,16.0,100,90,1.0
Atuona,-9.8,-139.03,25.95,73,5,7.86
Constitución,-35.33,-72.42,10.94,80,100,1.08
Rikitea,-23.12,-134.97,22.84,87,98,5.84
Ushuaia,-54.8,-68.3,2.0,59,20,1.5
Dikson,73.51,80.55,11.92,72,100,5.19
Along,28.17,94.77,22.87,90,100,0.22
Port Elizabeth,-33.92,25.57,10.0,93,2,2.1
Malanje,-9.54,16.34,15.12,35,0,0.86
Katsuura,35.13,140.3,24.63,88,75,3.1
Cape Town,-33.93,18.42,8.92,100,0,1.0
Atar,20.52,-13.05,31.55,44,100,1.01
Camacupa,-12.02,17.48,10.59,48,0,2.03
Aksarka,66.56,67.8,9.1,90,0,2.31
Pevek,69.7,170.31,2.58,96,100,4.13
Bemidji,47.47,-94.88,24.1,50,1,1.38
New Norfolk,-42.78,147.06,10.21,80,100,1.79
Sémbé,1.65,14.58,20.9,87,44,1.02
Salinópolis,-0.61,-47.36,26.63,81,95,3.94
Carutapera,-1.2,-46.02,24.22,92,81,2.16
Tazovsky,67.47,78.7,12.0,99,100,3.45
Coyhaique,-45.58,-72.07,0.0,85,40,1.5
Hilo,19.73,-155.09,24.95,54,1,5.1
Bariloche,-41.15,-71.31,3.0,93,40,5.1
Mataura,-46.19,168.86,11.0,79,100,0.83
Beringovskiy,63.05,179.32,9.85,87,99,5.97
Pozo Colorado,-23.49,-58.8,11.71,62,0,2.25
Busselton,-33.65,115.33,10.36,91,19,2.62
São Filipe,14.9,-24.5,24.22,84,26,3.36
Bluff,-46.6,168.33,9.81,89,100,1.65
Arraial do Cabo,-22.97,-42.03,19.43,82,100,7.19
Gorontalo,0.54,123.06,24.68,91,97,1.91
Barrow,71.29,-156.79,3.0,93,90,3.6
Matamoros,25.53,-103.25,28.0,48,75,5.7
Punta Arenas,-53.15,-70.92,2.89,86,72,5.7
Albany,42.6,-73.97,24.22,54,94,0.89
Yellowknife,62.46,-114.35,21.65,43,40,6.7
Puerto Ayora,-0.74,-90.35,19.44,93,90,1.34
Saskylakh,71.92,114.08,15.62,60,0,1.31
Tzucacab,20.07,-89.05,30.74,55,41,2.25
Port Alfred,-33.59,26.89,13.41,84,23,3.48
Coquimbo,-29.95,-71.34,11.0,93,10,2.1
Cherskiy,68.75,161.3,8.62,71,97,4.07
Tasiilaq,65.61,-37.64,7.0,70,96,0.74
Margate,51.38,1.39,18.88,81,2,0.89
Bambous Virieux,-20.34,57.76,20.53,88,75,2.1
Dondo,-19.61,34.74,16.11,91,0,1.22
Kapaa,22.08,-159.32,27.24,69,40,6.7
Ilulissat,69.22,-51.1,8.0,65,33,1.0
Nara,34.69,135.8,27.92,83,75,3.6
Vaini,-21.2,-175.2,24.0,64,20,6.7
Tuktoyaktuk,69.45,-133.04,19.0,63,75,1.5
Sitka,57.05,-135.33,18.0,68,40,2.6
Skibbereen,51.55,-9.27,15.0,100,75,4.6
Avarua,-21.21,-159.78,22.0,56,96,2.6
Hithadhoo,-0.6,73.08,28.36,75,90,3.54
Hermanus,-34.42,19.23,8.33,95,0,0.45
Nikolskoye,59.7,30.79,13.17,87,30,2.0
Kirovskiy,45.09,133.51,24.2,76,1,1.49
Jalu,29.03,21.55,26.51,46,0,4.91
Ribeira Grande,38.52,-28.7,21.36,76,64,5.98
Khurai,24.04,78.33,26.94,78,99,2.52
Adrar,20.5,-10.07,33.4,35,39,2.19
Longyearbyen,78.22,15.64,9.0,87,75,3.1
Orlik,52.52,99.83,15.75,66,98,1.95
Trabzon Province,40.92,39.83,25.0,78,40,2.6
Haines Junction,60.75,-137.51,23.67,36,0,4.03
Port Macquarie,-31.43,152.92,15.56,76,38,0.45
Ponta do Sol,32.67,-17.1,18.21,68,20,3.1
Philadelphia,39.95,-75.16,29.79,62,90,2.1
Yerbogachën,61.28,108.01,16.0,67,45,4.75
Río Gallegos,-51.62,-69.22,2.0,80,40,2.1
Bambanglipuro,-7.95,110.28,24.32,77,23,1.52
Surab,28.49,66.26,24.24,54,0,1.78
Vestmannaeyjar,63.44,-20.27,11.62,84,100,4.62
Kaoma,-14.78,24.8,12.69,60,0,2.73
Vanavara,60.34,102.28,17.23,73,75,2.69
Korla,41.76,86.15,24.44,66,0,0.45
Thompson,55.74,-97.86,19.0,93,90,1.5
Chui,-33.7,-53.46,7.56,86,0,4.44
Skegness,53.14,0.34,17.02,68,0,4.02
Bilma,18.69,12.92,33.48,20,71,3.19
Tiksi,71.69,128.87,5.65,89,95,2.41
Camacha,33.08,-16.33,20.0,72,75,3.6
Fortuna,40.6,-124.16,18.67,70,1,1.34
Kargat,55.2,80.28,11.26,93,100,4.35
Richards Bay,-28.78,32.04,16.32,72,74,2.54
Kavieng,-2.57,150.8,29.35,73,100,4.29
Vao,-22.67,167.48,22.57,90,38,7.74
Chokurdakh,70.63,147.92,8.63,76,91,4.37
Karasburg,-28.02,18.75,13.05,36,0,3.91
Kushima,31.46,131.23,28.75,66,20,1.5
Bredasdorp,-34.53,20.04,10.0,87,0,2.6
‘Ewa Beach,21.32,-158.01,29.13,51,75,3.1
Lorengau,-2.02,147.27,30.08,64,100,2.65
Provideniya,64.38,-173.3,10.0,76,90,6.0
Saint-Philippe,-21.36,55.77,15.04,72,75,3.1
Souillac,-20.52,57.52,21.0,88,75,2.1
Codrington,-38.27,141.97,9.29,80,79,4.58
Kerman,30.28,57.08,23.0,23,0,2.1
Lagoa,39.05,-27.98,21.13,76,44,5.54
Chernyshevskiy,63.01,112.47,17.17,61,100,4.04
Abhā,18.22,42.51,18.46,93,40,2.6
Castro,-24.79,-50.01,8.84,89,57,4.74
Khatanga,71.97,102.5,19.39,43,17,6.17
Kruisfontein,-34.0,24.73,9.2,85,0,2.03
Maracaçumé,-2.04,-45.96,23.7,85,4,1.54
Tiznit Province,29.58,-9.5,27.05,40,41,0.63
Sergeevka,53.88,67.42,16.68,92,30,3.44
Camaquã,-30.85,-51.81,8.82,93,0,2.58
Kaabong,3.48,34.15,17.06,76,1,0.63
Lewistown,40.6,-77.57,26.73,83,1,3.15
Chimbote,-9.09,-78.58,15.44,87,60,1.83
Wasilla,61.58,-149.44,23.22,44,75,2.6
Lavrentiya,65.58,-171.0,8.63,79,100,4.82
Bathsheba,13.22,-59.52,28.0,74,40,4.6
Kirakira,-10.45,161.92,29.15,69,31,1.44
Laguna,38.42,-121.42,35.46,17,1,5.1
Cabo San Lucas,22.89,-109.91,30.04,54,5,5.7
Lebu,-37.62,-73.65,9.98,91,99,5.33
Aden,12.78,45.04,31.43,70,41,1.59
Caravelas,-17.71,-39.25,21.9,81,0,3.26
Alta Floresta,-9.88,-56.09,24.39,33,0,1.33
Mar del Plata,-38.0,-57.56,7.93,81,88,6.2
Hong Kong,22.29,114.16,27.12,83,40,10.3
George Town,5.41,100.34,25.36,94,20,1.0
Launceston,-41.45,147.17,7.44,93,90,5.7
Qaanaaq,77.48,-69.36,5.53,66,22,2.65
Kieta,-6.22,155.63,29.11,71,100,0.9
East London,-33.02,27.91,15.08,76,53,2.65
Hūn,29.13,15.95,25.0,41,0,3.16
Rosetown,51.55,-108.0,29.44,51,0,6.48
Butaritari,3.07,172.79,28.06,73,56,3.05
Bud,39.45,-86.18,20.07,88,90,4.52
Torbay,47.67,-52.73,14.9,100,90,1.0
Iquique,-20.22,-70.14,15.0,72,20,5.1
Ocoee,28.57,-81.54,30.27,69,2,3.58
Norman Wells,65.28,-126.83,24.0,50,40,3.6
Hobart,-42.88,147.33,11.03,66,75,2.6
San Cristobal,7.77,-72.22,30.0,51,40,11.8
Kumul,42.8,93.45,22.51,31,0,6.86
Cumana,10.46,-64.18,29.0,83,0,3.6
Baliton,5.74,125.24,29.13,70,100,1.07
Mount Isa,-20.73,139.5,21.0,22,0,6.2
Asheboro,35.71,-79.81,27.14,83,40,2.09
Presidencia Roque Sáenz Peña,-26.79,-60.44,13.28,46,98,2.27
Morant Bay,17.88,-76.41,30.55,74,40,2.1
Coahuayana Viejo,18.73,-103.68,25.0,83,75,3.1
Catemaco,18.42,-95.12,29.0,83,75,5.1
Mayo,38.89,-76.51,29.3,66,1,4.1
Shakawe,-18.37,21.85,10.78,45,0,2.18
Manzanillo,20.34,-77.12,27.22,71,12,8.15
Narsaq,60.92,-46.05,9.0,76,100,4.1
Talnakh,69.49,88.4,20.0,56,70,9.0
Airai,-8.93,125.41,16.99,55,19,2.02
San Patricio,19.22,-104.7,30.0,74,40,2.17
Natal,-5.79,-35.21,24.0,78,40,3.6
Olafsvik,64.89,-23.71,10.24,76,94,3.51
Saint-Honoré,48.53,-71.08,18.92,88,75,1.5
Leshukonskoye,64.9,45.76,10.84,66,97,3.81
Vardø,70.37,31.11,10.8,91,74,5.34
Khovd,48.01,91.64,13.89,50,80,1.72
Tuatapere,-46.13,167.68,11.54,86,90,1.58
Ancud,-41.87,-73.82,7.89,93,90,5.1
Kungälv,57.87,11.98,13.89,95,0,0.45
Beni Mazar,28.5,30.8,26.32,53,0,5.13
Wukari,7.85,9.78,22.4,95,98,1.78
Kawambwa,-9.79,29.08,16.14,62,13,4.24
Mandera,3.94,41.87,25.98,66,0,6.68
Kampong Thom,12.71,104.89,27.85,80,100,3.48
Salalah,17.02,54.09,28.0,94,75,2.1
Broome,42.25,-75.83,22.27,69,90,2.1
Bethel,41.37,-73.41,23.91,73,98,2.9
Kenai,60.55,-151.26,19.0,52,75,2.1
Djibouti,11.5,42.5,32.0,49,75,4.1
Vila,42.03,-8.16,19.44,85,0,0.86
Saint Paul Harbor,57.79,-152.41,17.0,63,40,6.2
Eureka,40.8,-124.16,17.93,29,2,2.02
Iqaluit,63.75,-68.51,10.77,81,90,2.1
Kokkola,63.84,23.13,14.53,93,0,3.1
Palakkad,10.78,76.65,23.0,94,40,5.1
Hambantota,6.12,81.12,25.0,100,40,4.1
Bengkulu,-3.8,102.27,25.0,88,100,3.82
Davila,18.47,120.58,27.0,94,90,1.5
Zaranj,30.97,61.88,30.0,28,0,14.9
Somain,50.36,3.28,17.56,76,0,3.02
Nova Olinda do Norte,-3.89,-59.09,24.63,53,0,0.55
Kinsale,51.71,-8.53,15.0,100,75,4.6
Alghero,40.56,8.32,25.0,88,18,1.5
Leningradskiy,69.38,178.42,5.79,79,100,7.01
Calvià,39.57,2.51,25.62,57,0,1.5
Ust-Maya,60.42,134.53,20.7,42,53,0.7
Bandarbeyla,9.49,50.81,26.18,73,0,12.01
Bella Union,-30.28,-57.6,8.1,93,0,3.68
Zhigansk,66.77,123.37,13.5,63,0,6.1
Arona,28.1,-16.68,20.55,73,0,6.7
Kununurra,-15.77,128.73,24.0,27,0,5.7
Lompoc,34.64,-120.46,18.33,72,2,7.2
San Blas,21.52,-105.27,22.0,100,75,1.33
Acapulco de Juárez,16.86,-99.89,31.0,70,40,1.5
Pāndoh,31.68,77.05,24.13,70,24,0.79
Mahébourg,-20.41,57.7,21.0,88,75,2.1
Ratnagiri,16.98,73.3,26.83,82,100,1.08
Arlit,18.74,7.39,35.16,16,51,2.51
Lajas,18.05,-67.06,25.48,93,100,5.36
Suffolk,40.87,-72.8,27.06,83,1,3.6
Okhotsk,59.38,143.3,18.1,50,0,2.22
Yumaguzino,52.9,56.39,15.04,69,51,2.2
Najrān,17.49,44.13,28.0,54,40,5.1
Esim,4.87,-2.24,23.34,87,35,3.24
Fort Thomas,39.08,-84.45,20.66,94,90,1.5
Lufilufi,-13.87,-171.6,23.89,94,14,3.58
Jamestown,42.1,-79.24,21.79,60,1,1.5
Mount Gambier,-37.83,140.77,8.0,93,65,2.6
Kurumkan,54.3,110.3,18.74,82,97,0.54
Redmond,47.67,-122.12,29.75,46,6,0.89
Inírida,3.87,-67.92,24.27,87,0,0.57
Upernavik,72.79,-56.15,6.6,74,56,1.32
Labuhan,-6.88,112.21,25.22,75,0,4.74
Artyom,40.47,50.33,18.0,82,0,1.0
Inyonga,-6.72,32.07,17.67,58,51,2.03
Beloha,-25.17,45.05,15.26,89,0,1.87
Nuevo Progreso,23.17,-97.95,28.87,84,72,0.45
Jinchang,38.5,102.17,27.56,21,100,1.66
Porto-Novo,6.5,2.6,23.69,85,100,3.43
Sosnovo-Ozerskoye,52.52,111.54,16.21,95,100,1.85
Merauke,-8.47,140.33,26.49,71,51,6.26
San Quintín,30.48,-115.95,22.63,70,0,5.25
Tsimmerbude,54.67,20.13,15.0,82,75,5.0
Saint-Joseph,-21.37,55.62,16.03,72,75,3.1
Northam,51.03,-4.22,17.24,64,0,4.47
Sinnamary,5.38,-52.95,26.13,79,6,2.1
Almaznyy,48.04,40.05,18.0,55,100,2.0
Half Moon Bay,37.46,-122.43,21.46,87,90,5.1
Carnarvon,-24.87,113.63,17.0,88,0,5.1
Manggar,-2.88,108.27,26.23,79,100,4.91
Maralal,1.1,36.7,13.61,87,0,3.02
Krasnosel'kup,65.7,82.47,16.23,96,100,4.48
Honiara,-9.43,159.95,31.0,66,75,3.6
Ko Samui,9.54,99.94,28.0,74,20,3.1
Necochea,-38.55,-58.74,7.22,80,100,4.47
Koslan,63.46,48.9,13.47,58,100,3.16
Zhangjiakou,40.81,114.88,23.16,73,100,1.33
Sur,22.57,59.53,32.24,59,23,3.29
Santa Maria,-29.68,-53.81,10.0,81,1,3.6
Kyren,51.68,102.14,19.18,64,32,0.84
Auki,-8.77,160.7,28.28,79,47,1.37
Revda,56.8,59.93,18.0,88,100,3.0
Erenhot,43.65,111.98,25.54,51,25,4.57
Hamilton,39.18,-84.53,20.83,94,90,1.5
Meulaboh,4.14,96.13,25.84,78,96,1.97
Port Lincoln,-34.73,135.87,13.09,60,56,5.7
Acarí,-15.43,-74.62,16.72,59,57,1.85
Porto Santo,33.07,-16.34,20.0,72,75,3.6
Dingle,11.0,122.67,27.88,80,99,3.6
The Valley,18.22,-63.06,28.03,83,20,6.2
Vila Velha,-20.33,-40.29,23.0,83,75,6.7
Ostrovnoy,68.05,39.51,10.25,85,65,6.23
North Platte,41.12,-100.77,24.94,57,20,2.6
Kärdla,59.0,22.75,14.17,93,92,1.36
Hasaki,35.73,140.83,23.41,94,75,1.5
Suntar,62.14,117.63,17.31,62,43,2.47
Nantucket,41.28,-70.1,23.15,94,1,4.6
Toulouse,43.6,1.44,24.39,57,45,5.1
Dzhebariki-Khaya,62.22,135.8,23.26,33,0,0.34
Linfen,36.09,111.52,27.43,61,96,1.27
Uyuni,-20.46,-66.83,5.95,37,0,4.36
Poum,-20.23,164.02,23.53,88,42,5.97
Marmaris,36.85,28.27,24.16,88,0,6.2
Saint-Pierre,-21.34,55.48,15.52,72,75,3.1
Usinsk,65.99,57.53,11.8,80,33,2.05
Zeya,53.75,127.27,22.58,89,100,2.4
Longhua,23.61,114.19,30.94,60,5,3.12
Rosário do Sul,-30.26,-54.91,8.92,87,0,5.76
Kathmandu,27.72,85.32,21.0,100,75,1.5
Muros,42.78,-9.06,16.67,93,90,1.5
Deputatsky,69.3,139.9,10.78,60,5,1.72
Bilibino,68.05,166.44,11.23,58,80,2.29
Kahului,20.89,-156.47,27.45,52,40,10.8
Sibolga,1.74,98.78,25.69,75,99,1.34
Santa Rosa,14.31,121.11,28.13,88,100,1.0
St. George's,12.06,-61.75,27.0,83,40,7.2
Barra de Tecoanapa,16.52,-98.75,30.13,69,66,2.91
Allāpalli,19.42,80.07,25.97,89,100,0.97
Qasigiannguit,68.82,-51.19,8.0,65,23,1.0
Aksu,41.12,80.26,25.5,23,19,2.21
Venado Tuerto,-33.75,-61.97,6.11,56,89,1.34
Nautla,20.22,-96.78,28.88,73,0,5.55
Sembakung,3.82,117.25,24.57,94,100,1.03
Antalaha,-14.9,50.28,19.02,86,0,2.62
Pionerskiy,54.95,20.23,15.0,82,75,5.0
Mercedes,-34.65,-59.43,8.06,55,0,0.89
Pak Phanang,8.35,100.2,27.0,94,20,4.35
Mersin Province,36.86,34.65,27.0,88,40,1.0
Uribia,11.71,-72.27,27.92,78,67,4.23
Evansville,37.97,-87.56,26.81,69,75,3.1
Puerto Ayacucho,5.66,-67.62,29.0,66,40,2.1
Mizdah,31.45,12.98,21.27,69,0,3.84
Curvelo,-18.76,-44.43,19.0,68,0,3.08
Hokitika,-42.72,170.97,13.2,64,100,3.01
Pedregulho,-20.26,-47.48,18.77,59,52,4.02
Ayabaca,-4.64,-79.71,10.87,97,16,2.8
Illapel,-31.63,-71.17,12.63,61,100,0.81
Sibu,2.3,111.82,25.0,88,40,2.6
Yagodnoye,62.55,149.67,9.12,59,100,4.18
Lobito,-12.35,13.55,20.73,83,0,3.27
Lüderitz,-26.65,15.16,26.0,15,0,7.2
Clyde River,70.47,-68.59,3.0,100,90,5.7
Montgomery,39.15,-77.2,28.3,62,40,3.1
Nouadhibou,20.93,-17.03,23.0,83,40,3.6
Grindavik,63.84,-22.43,10.0,93,75,3.6
La Ronge,55.1,-105.28,24.0,60,75,4.1
Barcelona,41.39,2.16,26.9,53,0,4.1
Aykhal,66.0,111.5,16.0,55,0,2.0
Puerto del Rosario,28.5,-13.86,23.0,78,20,7.2
Cidreira,-30.18,-50.21,13.41,78,0,6.7
North Bay,46.32,-79.47,21.31,83,40,3.68
Esperance,-33.87,121.9,10.0,100,98,2.6
North Bend,43.41,-124.22,19.78,82,20,5.7
Ocampo,21.65,-101.5,18.88,67,95,5.19
Ljungby,56.83,13.94,13.22,93,99,4.6
Biak,-0.91,122.88,24.28,91,100,2.15
Kaitangata,-46.28,169.85,11.67,79,99,1.79
Taksimo,56.34,114.88,17.2,88,99,0.73
Montepuez,-13.13,39.0,16.9,65,0,4.68
Adré,13.47,22.2,22.21,85,100,4.4
Smithers,54.78,-127.17,28.0,34,20,2.1
Vila Franca do Campo,37.72,-25.43,21.0,77,20,3.1
Rawson,-43.3,-65.1,7.93,54,100,5.03
Elk Plain,47.05,-122.4,31.23,29,1,1.5
Ankpa,7.37,7.63,21.52,97,100,3.05
Gamba,-2.65,10.0,21.66,83,54,2.67
Moshenskoye,58.51,34.59,12.12,96,100,3.6
Ternate,0.8,127.4,27.48,76,74,1.98
Malbork,54.04,19.03,11.85,79,54,0.89
Praia da Vitória,38.73,-27.07,22.0,78,75,4.6
Miandrivazo,-19.52,45.47,18.74,79,0,0.58
Thinadhoo,0.53,72.93,28.28,74,68,4.38
Meadow Lake,34.8,-106.54,34.38,5,20,6.7
San Francisco,37.77,-122.42,17.2,63,20,10.3
Geraldton,-28.77,114.6,10.0,93,93,3.1
Walvis Bay,-22.96,14.51,21.0,21,0,7.2
Chifeng,42.27,118.96,26.92,52,100,3.29
Melfi,41.0,15.65,26.7,61,5,0.5
Kapoeta,4.77,33.59,23.02,75,46,2.19
Kostino,58.91,53.27,15.15,94,100,3.43
Cayenne,4.93,-52.33,26.0,94,21,1.5
Kidodi,-7.6,37.0,20.03,81,54,0.33
Agüimes,27.91,-15.45,22.66,73,75,9.8
Kiruna,67.86,20.23,9.0,81,19,1.88
Sokolo,14.73,-6.12,30.34,51,9,2.93
Alim,9.56,122.49,28.73,75,100,4.86
Kinablangan,7.69,126.55,27.31,76,99,2.47
Kuching,1.55,110.33,25.0,88,20,2.1
Tiarei,-17.53,-149.33,28.0,74,75,4.1
Nador,35.17,-2.93,25.08,88,20,1.0
Morgan City,29.7,-91.21,29.33,83,20,4.1
Gaza,31.5,34.47,23.94,58,0,0.61
Mt. Pleasant,32.79,-79.86,27.82,83,20,4.1
Yanaul,56.27,54.93,15.88,97,100,3.73
Bundaberg,-24.85,152.35,20.0,56,2,6.7
Brae,60.4,-1.35,13.0,87,100,5.7
Payo,-3.75,103.64,23.9,83,100,0.33
Kozhva,65.11,57.05,12.06,76,73,2.6
Sambava,-14.27,50.17,20.27,86,9,3.35
Pierre,44.37,-100.35,28.49,42,1,2.1
Taoudenni,22.68,-3.98,33.66,33,89,5.07
Dapaong,10.86,0.2,24.62,81,81,3.87
Aripuanã,-9.17,-60.63,25.36,38,0,1.05
Sobolevo,54.43,31.9,10.3,94,0,3.54
Mackay,-21.15,149.2,19.87,68,42,6.2
Polonnaruwa,7.93,81.0,25.89,74,29,4.25
Kiryat Gat,31.61,34.76,24.11,58,0,0.96
Leer,8.3,30.14,21.51,91,100,0.12
Tanout,14.97,8.89,31.58,30,1,1.97
Portland,45.52,-122.68,34.66,26,20,4.1
Omsukchan,62.53,155.8,6.43,82,100,5.92
Asmara,15.33,38.93,14.08,98,100,3.36
Saldanha,-33.01,17.94,10.0,87,0,2.1
Moyo,3.66,31.72,17.46,98,0,0.45
São João da Barra,-21.64,-41.05,20.04,83,89,10.1
Basoko,1.24,23.62,23.12,79,0,0.92
Petropavlovsk-Kamchatskiy,53.05,158.65,15.0,100,90,3.0
Bontang,0.13,117.5,24.88,89,100,3.89
Troitskoye,52.98,84.68,14.63,71,2,1.62
Fastovetskaya,45.92,40.16,21.33,47,0,1.31
Ambon City,-3.7,128.18,27.13,83,40,4.1
Payakumbuh,-0.22,100.63,23.35,81,93,0.55
Malaṅgawā,26.86,85.56,27.46,82,100,2.78
Massakory,13.0,15.73,25.99,65,100,5.59
Touros,-5.2,-35.46,23.0,78,40,3.6
Harper,4.38,-7.72,24.09,85,94,3.3
Panguna,-6.32,155.48,27.35,70,81,0.92
Zharkent,44.16,80.0,23.75,26,100,1.54
Bintulu,3.17,113.03,23.94,94,20,2.1
Chodavaram,17.83,82.95,27.0,94,40,1.5
Tambopata,-12.73,-69.18,18.7,66,0,0.73
Raton,36.9,-104.44,26.09,30,40,8.7
Shingū,33.73,135.98,30.0,70,40,3.1
Ende,-8.84,121.66,25.1,65,88,1.56
Virginia Beach,36.85,-75.98,30.06,73,17,4.71
Nanortalik,60.14,-45.24,6.59,87,100,3.4
Brentwood,40.78,-73.25,27.26,83,90,3.1
Ponta Delgada,37.73,-25.67,21.0,77,20,3.1
Bonito,-21.12,-56.48,19.22,60,0,1.42
Vavozh,56.78,51.93,14.86,97,100,3.32
Severo-Kuril'sk,50.68,156.12,13.69,89,97,4.08
Gushikawa,26.35,127.87,30.27,79,1,6.2
Kohima,25.67,94.12,19.56,100,100,0.26
San Felipe,10.34,-68.74,23.94,83,97,2.16
Uíge,-7.61,15.06,15.6,68,0,1.13
Anadyr,64.75,177.48,13.94,62,75,3.0
Vitim,59.45,112.56,16.42,86,100,5.3
Nyurba,63.28,118.33,16.03,66,0,2.77
Homer,59.64,-151.55,17.76,63,75,7.2
Baie-Comeau,49.22,-68.15,16.0,100,90,1.0
Madimba,-10.4,40.33,22.6,79,0,6.24
Porto Recanati,43.44,13.66,25.28,78,0,2.1
Zdvinsk,54.7,78.66,11.58,90,100,7.12
Coolum Beach,-26.53,153.1,18.53,62,84,3.58
Husavik,66.04,-17.34,9.0,93,40,1.32
Bonavista,48.65,-53.11,12.78,74,100,0.45
San Ramon,37.78,-121.98,28.14,15,1,6.2
Puerto Asís,0.51,-76.5,26.0,74,75,1.0
Kichera,55.94,110.1,19.09,76,100,0.78
Makakilo City,21.35,-158.09,28.98,51,75,3.1
Malakal,9.53,31.66,22.14,91,100,1.06
Newport,51.59,-3.0,14.62,79,20,1.26
Banyo,6.75,11.82,18.55,83,100,0.73
Calvinia,-31.47,19.78,8.77,42,0,0.81
Karasjok,69.47,25.51,9.0,87,38,5.7
São Félix do Xingu,-6.64,-51.99,24.26,45,65,0.43
Inhambane,-23.86,35.38,17.85,85,0,4.04
Umluj,25.02,37.27,29.3,76,96,1.22
Saint Anthony,45.02,-93.22,25.93,44,40,3.6
Avera,33.19,-82.53,27.34,74,40,4.31
Vinh,18.67,105.67,29.05,73,100,2.66
Monrovia,6.3,-10.8,24.0,94,75,3.26
Berlevåg,70.86,29.09,11.0,87,75,3.1
Alofi,-19.06,-169.92,24.0,60,40,6.2
Kuril'sk,45.23,147.88,17.85,84,69,4.58
Yizheng,24.67,103.43,19.67,87,36,0.83
Aljezur,37.32,-8.8,22.22,81,3,3.01
Sinop Province,41.77,34.87,17.24,87,26,0.74
Makar'yev,57.88,43.81,11.47,92,97,2.78
Boa Vista,2.82,-60.67,30.0,58,14,2.6
Dongling,41.81,123.58,27.0,74,16,6.0
Padang,-0.95,100.35,23.0,94,20,2.1
Umba,66.69,34.34,9.44,82,10,6.55
Pringsewu,-5.36,104.97,24.61,77,100,2.85
General Roca,-39.03,-67.58,9.0,57,100,1.5
The Pas,53.83,-101.25,28.0,58,75,2.6
Qaqortoq,60.72,-46.03,9.0,76,100,4.1
Jaru,-10.44,-62.47,25.53,37,0,1.22
Palora,-1.7,-77.93,19.0,93,90,0.86
Sorong,-0.88,131.25,27.68,79,64,4.67
Mehamn,71.04,27.85,11.0,87,75,3.1
Samarai,-10.62,150.67,24.16,71,100,7.3
Pagėgiai,55.14,21.91,13.16,90,42,4.61
Itarema,-2.92,-39.92,25.75,75,39,6.02
Ust-Kuyga,70.02,135.6,11.33,69,100,2.29
Santa Vitória do Palmar,-33.52,-53.37,7.82,87,0,4.1
Eresós,39.17,25.93,26.0,65,0,4.6
City of San Pedro,14.35,121.02,28.1,88,99,1.0
Belyy Yar,53.6,91.39,16.0,82,100,3.0
Bom Jesus,-9.07,-44.36,21.03,52,0,0.84
Rocha,-34.48,-54.33,4.42,90,0,3.07
Saquarema,-22.92,-42.51,19.0,88,90,5.7
Weligama,5.97,80.42,25.99,89,100,4.7
Amapá,1.0,-52.0,22.89,92,100,1.02
Mwandiga,-4.83,29.66,23.25,58,28,2.1
Masuda,34.67,131.85,29.0,79,75,3.1
Cururupu,-1.83,-44.87,23.85,92,95,1.13
Sovetskaya,44.78,41.17,16.75,66,0,1.47
Dunkirk,51.05,2.37,17.94,79,0,4.12
Port-Gentil,-0.72,8.78,24.0,83,20,5.96
Klaksvík,62.23,-6.59,10.0,93,100,5.7
Kendari,-3.94,122.5,26.67,75,52,2.07
Seybaplaya,19.65,-90.67,30.0,79,40,3.1
Araouane,18.9,-3.53,35.78,30,0,7.16
Balkhash,46.84,74.98,21.63,44,100,4.37
Taganak,6.08,118.3,26.83,88,20,1.5
Pisco,-13.7,-76.22,16.05,77,5,7.2
Boyolangu,-8.12,111.89,22.87,86,68,2.02
Bataiporã,-22.3,-53.27,18.25,71,26,3.49
Mwinilunga,-11.74,24.43,11.74,59,0,2.53
Itoman,26.12,127.67,30.39,74,40,5.7
Grand Gaube,-20.01,57.66,20.0,85,0,1.34
La Cumbre,-30.98,-64.49,9.73,45,0,4.6
Moba,33.23,105.02,22.22,90,15,0.17
Balkanabat,39.51,54.37,24.59,39,0,1.03
Gisborne,-38.65,178.0,15.0,50,80,4.92
Nakusp,50.25,-117.8,31.11,43,26,0.89
Kurkino,53.43,38.66,12.39,95,0,2.88
Raudeberg,61.99,5.14,13.71,87,84,2.1
Slave Lake,55.28,-114.77,24.0,50,1,2.1
Shestakovo,56.49,103.96,20.5,66,92,1.84
Ucluelet,48.93,-125.55,23.57,49,5,4.6
Byron Bay,-28.65,153.62,16.65,63,42,5.7
Bereda,43.27,-7.54,16.64,89,0,0.45
Flinders,-34.58,150.86,14.44,60,20,2.24
Trairi,-3.28,-39.27,25.73,73,0,6.12
Egvekinot,66.32,-179.17,10.18,61,15,1.69
Gravdal,68.12,13.5,14.97,75,100,1.67
Morgantown,39.63,-79.96,20.61,83,20,1.5
Ceres,37.59,-120.96,35.59,18,1,5.7
Harnai,30.1,67.94,29.97,50,0,1.14
Port Hardy,50.7,-127.42,22.0,60,5,4.6
Quang Ngai,15.12,108.8,26.0,87,100,1.21
Luwuk,-0.95,122.79,24.87,87,100,2.29
Neustadt an der Waldnaab,49.71,12.09,13.6,87,1,1.3
Riohacha,11.54,-72.91,27.12,85,48,1.25
Magnor,59.95,12.2,14.12,82,0,4.1
Santiago del Estero,-27.8,-64.26,12.68,40,0,3.89
Te Anau,-45.42,167.72,9.08,87,88,0.54
Atagay,55.1,99.39,19.39,75,15,2.31
Nome,64.5,-165.41,13.17,87,75,3.1
Alice Springs,-23.7,133.88,14.0,28,0,6.7
Assaré,-6.87,-39.88,19.97,52,0,2.91
Rolla,37.95,-91.77,26.57,78,75,3.1
Niltepec,16.57,-94.62,27.43,76,44,2.46
Bojnourd,37.47,57.33,18.0,68,20,4.1
Wuwei,37.93,102.64,27.81,20,75,0.6
Malchevskaya,49.06,40.36,18.68,87,27,1.94
Riyadh,24.69,46.72,34.0,21,47,2.1
Port-Cartier,50.03,-66.87,16.08,100,75,4.1
Shenjiamen,29.96,122.3,27.84,87,100,6.14
Kutum,14.2,24.67,23.14,72,100,3.24
Hualmay,-11.1,-77.61,15.89,81,0,3.2
Meiktila,20.87,95.87,26.09,81,16,4.54
Wolsztyn,52.12,16.12,15.01,57,100,0.39
Auch,43.65,0.58,23.22,63,6,3.4
Karia,11.73,11.16,23.0,79,100,5.5
Ballina,-28.87,153.57,16.83,63,70,5.7
Pascagoula,30.37,-88.56,29.46,74,1,2.6
Wajid,3.81,43.25,23.2,78,0,7.48
Conde,-7.26,-34.91,21.0,100,90,4.6
Spas-Demensk,54.41,34.02,9.9,97,0,2.59
Zabaykal'sk,49.63,117.32,21.85,69,69,2.52
Banepā,27.63,85.52,21.0,100,75,1.5
Marana,32.44,-111.23,42.83,10,1,5.7
Vilyuysk,63.76,121.62,20.13,53,0,2.33
Quatre Cocos,-20.21,57.76,20.48,88,75,2.1
Bosansko Grahovo,44.18,16.36,18.89,73,0,1.34
Hay River,60.82,-115.8,23.0,49,40,1.5
Comodoro Rivadavia,-45.87,-67.5,4.0,86,100,2.1
Tortolì,39.93,9.66,29.0,54,5,4.1
Podosinovets,60.28,47.07,10.71,94,19,3.73
Cabedelo,-6.98,-34.83,21.0,100,90,4.6
Kochubey,44.39,46.58,20.54,51,0,2.78
Vanderhoof,54.02,-124.02,29.39,32,8,0.29
Havre-St-Pierre,50.23,-63.6,16.0,100,90,3.6
Barão de Melgaço,-16.19,-55.97,24.0,50,9,1.5
Maceió,-9.67,-35.74,21.0,94,75,3.1
